{
    "loss": 20.54402732849121,
    "accuracy": 0.5035971403121948
}