{
    "loss": 108.54903411865234,
    "accuracy": 0.48201438784599304
}